snapshot_month,benchmark_id,source_model_name,score_raw,score_date,source_url,adapter,notes
2026-04,gaia,AgentIM,0.3758,2026-04-20,https://huggingface.co/gaia-benchmark,hf_dataset_rows,Best-effort Hugging Face dataset adapter; keep manual fallback active because the public result dataset schema may drift.
2026-04,gaia,AgentIM v1.1,0.4,2026-04-20,https://huggingface.co/gaia-benchmark,hf_dataset_rows,Best-effort Hugging Face dataset adapter; keep manual fallback active because the public result dataset schema may drift.
2026-04,gaia,AutoGPT4,0.0485,2026-04-20,https://huggingface.co/gaia-benchmark,hf_dataset_rows,Best-effort Hugging Face dataset adapter; keep manual fallback active because the public result dataset schema may drift.
2026-04,gaia,Barcelona v0.1,0.503,2026-04-20,https://huggingface.co/gaia-benchmark,hf_dataset_rows,Best-effort Hugging Face dataset adapter; keep manual fallback active because the public result dataset schema may drift.
2026-04,gaia,GPT3.5,0.0485,2026-04-20,https://huggingface.co/gaia-benchmark,hf_dataset_rows,Best-effort Hugging Face dataset adapter; keep manual fallback active because the public result dataset schema may drift.
2026-04,gaia,GPT4,0.0606,2026-04-20,https://huggingface.co/gaia-benchmark,hf_dataset_rows,Best-effort Hugging Face dataset adapter; keep manual fallback active because the public result dataset schema may drift.
2026-04,gaia,GPT4 Turbo,0.097,2026-04-20,https://huggingface.co/gaia-benchmark,hf_dataset_rows,Best-effort Hugging Face dataset adapter; keep manual fallback active because the public result dataset schema may drift.
2026-04,gaia,open Deep Research | pass@1,0.5515,2026-04-20,https://huggingface.co/gaia-benchmark,hf_dataset_rows,Best-effort Hugging Face dataset adapter; keep manual fallback active because the public result dataset schema may drift.
2026-04,gaia,Auto-Deep-Research,0.5515,2026-04-20,https://huggingface.co/gaia-benchmark,hf_dataset_rows,Best-effort Hugging Face dataset adapter; keep manual fallback active because the public result dataset schema may drift.
2026-04,gaia,Hugging Face Agents + GPT-4o,0.4424,2026-04-20,https://huggingface.co/gaia-benchmark,hf_dataset_rows,Best-effort Hugging Face dataset adapter; keep manual fallback active because the public result dataset schema may drift.
2026-04,gaia,HuggingFace Agents + Llama3-70B,0.1697,2026-04-20,https://huggingface.co/gaia-benchmark,hf_dataset_rows,Best-effort Hugging Face dataset adapter; keep manual fallback active because the public result dataset schema may drift.
2026-04,gaia,Langfun Agent v2.0,0.5455,2026-04-20,https://huggingface.co/gaia-benchmark,hf_dataset_rows,Best-effort Hugging Face dataset adapter; keep manual fallback active because the public result dataset schema may drift.
2026-04,gaia,Magentic-1,0.3697,2026-04-20,https://huggingface.co/gaia-benchmark,hf_dataset_rows,Best-effort Hugging Face dataset adapter; keep manual fallback active because the public result dataset schema may drift.
2026-04,gaia,Magentic-1 (o1),0.4606,2026-04-20,https://huggingface.co/gaia-benchmark,hf_dataset_rows,Best-effort Hugging Face dataset adapter; keep manual fallback active because the public result dataset schema may drift.
2026-04,gaia,Multi-Agent Experiment v0.1 (powered by AutoGen),0.3939,2026-04-20,https://huggingface.co/gaia-benchmark,hf_dataset_rows,Best-effort Hugging Face dataset adapter; keep manual fallback active because the public result dataset schema may drift.
2026-04,gaia,FRIDAY,0.3455,2026-04-20,https://huggingface.co/gaia-benchmark,hf_dataset_rows,Best-effort Hugging Face dataset adapter; keep manual fallback active because the public result dataset schema may drift.
2026-04,gaia,GPT4,0.0,2026-04-20,https://huggingface.co/gaia-benchmark,hf_dataset_rows,Best-effort Hugging Face dataset adapter; keep manual fallback active because the public result dataset schema may drift.
2026-04,gaia,RE-ODR,0.297,2026-04-20,https://huggingface.co/gaia-benchmark,hf_dataset_rows,Best-effort Hugging Face dataset adapter; keep manual fallback active because the public result dataset schema may drift.
2026-04,gaia,Sibyl System v0.1,0.297,2026-04-20,https://huggingface.co/gaia-benchmark,hf_dataset_rows,Best-effort Hugging Face dataset adapter; keep manual fallback active because the public result dataset schema may drift.
2026-04,gaia,TapeAgent v0.1,0.3394,2026-04-20,https://huggingface.co/gaia-benchmark,hf_dataset_rows,Best-effort Hugging Face dataset adapter; keep manual fallback active because the public result dataset schema may drift.
2026-04,gaia,openresearch,0.0,2026-04-20,https://huggingface.co/gaia-benchmark,hf_dataset_rows,Best-effort Hugging Face dataset adapter; keep manual fallback active because the public result dataset schema may drift.
2026-04,gaia,Trase Agent,0.4,2026-04-20,https://huggingface.co/gaia-benchmark,hf_dataset_rows,Best-effort Hugging Face dataset adapter; keep manual fallback active because the public result dataset schema may drift.
2026-04,gaia,Trase Agent v0.2,0.4727,2026-04-20,https://huggingface.co/gaia-benchmark,hf_dataset_rows,Best-effort Hugging Face dataset adapter; keep manual fallback active because the public result dataset schema may drift.
2026-04,gaia,Trase Agent v0.3,0.703,2026-04-20,https://huggingface.co/gaia-benchmark,hf_dataset_rows,Best-effort Hugging Face dataset adapter; keep manual fallback active because the public result dataset schema may drift.
2026-04,gaia,Warm-up Act,0.1758,2026-04-20,https://huggingface.co/gaia-benchmark,hf_dataset_rows,Best-effort Hugging Face dataset adapter; keep manual fallback active because the public result dataset schema may drift.
2026-04,gaia,h2oGPTe Agent v1.6.8,0.6364,2026-04-20,https://huggingface.co/gaia-benchmark,hf_dataset_rows,Best-effort Hugging Face dataset adapter; keep manual fallback active because the public result dataset schema may drift.
2026-04,gaia,omne,0.4606,2026-04-20,https://huggingface.co/gaia-benchmark,hf_dataset_rows,Best-effort Hugging Face dataset adapter; keep manual fallback active because the public result dataset schema may drift.
2026-04,gaia,gpt-3.5,0.0242,2026-04-20,https://huggingface.co/gaia-benchmark,hf_dataset_rows,Best-effort Hugging Face dataset adapter; keep manual fallback active because the public result dataset schema may drift.
2026-04,gaia,qb_1,0.1333,2026-04-20,https://huggingface.co/gaia-benchmark,hf_dataset_rows,Best-effort Hugging Face dataset adapter; keep manual fallback active because the public result dataset schema may drift.
2026-04,gaia,TapeAgents & BrowserGym,0.5576,2026-04-20,https://huggingface.co/gaia-benchmark,hf_dataset_rows,Best-effort Hugging Face dataset adapter; keep manual fallback active because the public result dataset schema may drift.
2026-04,gaia,qbds,0.2364,2026-04-20,https://huggingface.co/gaia-benchmark,hf_dataset_rows,Best-effort Hugging Face dataset adapter; keep manual fallback active because the public result dataset schema may drift.
2026-04,gaia,🦉 OWL - Roleplaying,0.5818,2026-04-20,https://huggingface.co/gaia-benchmark,hf_dataset_rows,Best-effort Hugging Face dataset adapter; keep manual fallback active because the public result dataset schema may drift.
2026-04,gaia,ant_test,0.0121,2026-04-20,https://huggingface.co/gaia-benchmark,hf_dataset_rows,Best-effort Hugging Face dataset adapter; keep manual fallback active because the public result dataset schema may drift.
2026-04,gaia,noxrobot v0.1,0.097,2026-04-20,https://huggingface.co/gaia-benchmark,hf_dataset_rows,Best-effort Hugging Face dataset adapter; keep manual fallback active because the public result dataset schema may drift.
2026-04,gaia,Ormind v0.1,0.5515,2026-04-20,https://huggingface.co/gaia-benchmark,hf_dataset_rows,Best-effort Hugging Face dataset adapter; keep manual fallback active because the public result dataset schema may drift.
2026-04,gaia,qbnlp,0.4424,2026-04-20,https://huggingface.co/gaia-benchmark,hf_dataset_rows,Best-effort Hugging Face dataset adapter; keep manual fallback active because the public result dataset schema may drift.
2026-04,gaia,dynasaur_l1,0.103,2026-04-20,https://huggingface.co/gaia-benchmark,hf_dataset_rows,Best-effort Hugging Face dataset adapter; keep manual fallback active because the public result dataset schema may drift.
2026-04,gaia,VM Agent,0.0909,2026-04-20,https://huggingface.co/gaia-benchmark,hf_dataset_rows,Best-effort Hugging Face dataset adapter; keep manual fallback active because the public result dataset schema may drift.
2026-04,gaia,running-beta,0.3152,2026-04-20,https://huggingface.co/gaia-benchmark,hf_dataset_rows,Best-effort Hugging Face dataset adapter; keep manual fallback active because the public result dataset schema may drift.
2026-04,gaia,desearch,0.5697,2026-04-20,https://huggingface.co/gaia-benchmark,hf_dataset_rows,Best-effort Hugging Face dataset adapter; keep manual fallback active because the public result dataset schema may drift.
2026-04,gaia,Langfun Agent v2.1,0.7152,2026-04-20,https://huggingface.co/gaia-benchmark,hf_dataset_rows,Best-effort Hugging Face dataset adapter; keep manual fallback active because the public result dataset schema may drift.
2026-04,gaia,Anges,0.6,2026-04-20,https://huggingface.co/gaia-benchmark,hf_dataset_rows,Best-effort Hugging Face dataset adapter; keep manual fallback active because the public result dataset schema may drift.
2026-04,gaia,DR-Huichi,0.2121,2026-04-20,https://huggingface.co/gaia-benchmark,hf_dataset_rows,Best-effort Hugging Face dataset adapter; keep manual fallback active because the public result dataset schema may drift.
2026-04,gaia,DRP-val-v.1.0,0.4606,2026-04-20,https://huggingface.co/gaia-benchmark,hf_dataset_rows,Best-effort Hugging Face dataset adapter; keep manual fallback active because the public result dataset schema may drift.
2026-04,gaia,LRC-Huawei,0.4061,2026-04-20,https://huggingface.co/gaia-benchmark,hf_dataset_rows,Best-effort Hugging Face dataset adapter; keep manual fallback active because the public result dataset schema may drift.
2026-04,gaia,Agents-On-the-fly,0.4061,2026-04-20,https://huggingface.co/gaia-benchmark,hf_dataset_rows,Best-effort Hugging Face dataset adapter; keep manual fallback active because the public result dataset schema may drift.
2026-04,gaia,🦉 OWL - Workforce,0.6909,2026-04-20,https://huggingface.co/gaia-benchmark,hf_dataset_rows,Best-effort Hugging Face dataset adapter; keep manual fallback active because the public result dataset schema may drift.
2026-04,gaia,InfantAgent,0.5515,2026-04-20,https://huggingface.co/gaia-benchmark,hf_dataset_rows,Best-effort Hugging Face dataset adapter; keep manual fallback active because the public result dataset schema may drift.
2026-04,gaia,InfantAgent-04-17,0.5697,2026-04-20,https://huggingface.co/gaia-benchmark,hf_dataset_rows,Best-effort Hugging Face dataset adapter; keep manual fallback active because the public result dataset schema may drift.
2026-04,gaia,desearch,0.6061,2026-04-20,https://huggingface.co/gaia-benchmark,hf_dataset_rows,Best-effort Hugging Face dataset adapter; keep manual fallback active because the public result dataset schema may drift.
2026-04,gaia,Ormind v0.2,0.6424,2026-04-20,https://huggingface.co/gaia-benchmark,hf_dataset_rows,Best-effort Hugging Face dataset adapter; keep manual fallback active because the public result dataset schema may drift.
2026-04,gaia,AWorld,0.697,2026-04-20,https://huggingface.co/gaia-benchmark,hf_dataset_rows,Best-effort Hugging Face dataset adapter; keep manual fallback active because the public result dataset schema may drift.
2026-04,gaia,Aime_Agent_v0.1,0.7758,2026-04-20,https://huggingface.co/gaia-benchmark,hf_dataset_rows,Best-effort Hugging Face dataset adapter; keep manual fallback active because the public result dataset schema may drift.
2026-04,gaia,xManus,0.4061,2026-04-20,https://huggingface.co/gaia-benchmark,hf_dataset_rows,Best-effort Hugging Face dataset adapter; keep manual fallback active because the public result dataset schema may drift.
2026-04,gaia,Agent2030,0.7394,2026-04-20,https://huggingface.co/gaia-benchmark,hf_dataset_rows,Best-effort Hugging Face dataset adapter; keep manual fallback active because the public result dataset schema may drift.
2026-04,gaia,desearch v0.2,0.6485,2026-04-20,https://huggingface.co/gaia-benchmark,hf_dataset_rows,Best-effort Hugging Face dataset adapter; keep manual fallback active because the public result dataset schema may drift.
2026-04,gaia,hey-0.3,0.2545,2026-04-20,https://huggingface.co/gaia-benchmark,hf_dataset_rows,Best-effort Hugging Face dataset adapter; keep manual fallback active because the public result dataset schema may drift.
2026-04,gaia,KKM Agent,0.5636,2026-04-20,https://huggingface.co/gaia-benchmark,hf_dataset_rows,Best-effort Hugging Face dataset adapter; keep manual fallback active because the public result dataset schema may drift.
2026-04,gaia,Hero v0.1,0.7818,2026-04-20,https://huggingface.co/gaia-benchmark,hf_dataset_rows,Best-effort Hugging Face dataset adapter; keep manual fallback active because the public result dataset schema may drift.
2026-04,gaia,my_agent,0.0,2026-04-20,https://huggingface.co/gaia-benchmark,hf_dataset_rows,Best-effort Hugging Face dataset adapter; keep manual fallback active because the public result dataset schema may drift.
2026-04,gaia,Honey_agent,0.0,2026-04-20,https://huggingface.co/gaia-benchmark,hf_dataset_rows,Best-effort Hugging Face dataset adapter; keep manual fallback active because the public result dataset schema may drift.
2026-04,gaia,tobAI,0.4182,2026-04-20,https://huggingface.co/gaia-benchmark,hf_dataset_rows,Best-effort Hugging Face dataset adapter; keep manual fallback active because the public result dataset schema may drift.
2026-04,gaia,CoreS-Agent,0.6788,2026-04-20,https://huggingface.co/gaia-benchmark,hf_dataset_rows,Best-effort Hugging Face dataset adapter; keep manual fallback active because the public result dataset schema may drift.
2026-04,gaia,CoreS-Agent（V1.1）,0.7091,2026-04-20,https://huggingface.co/gaia-benchmark,hf_dataset_rows,Best-effort Hugging Face dataset adapter; keep manual fallback active because the public result dataset schema may drift.
2026-04,gaia,CoreS-Agent(V1.2),0.7152,2026-04-20,https://huggingface.co/gaia-benchmark,hf_dataset_rows,Best-effort Hugging Face dataset adapter; keep manual fallback active because the public result dataset schema may drift.
2026-04,gaia,OpenManus,0.0606,2026-04-20,https://huggingface.co/gaia-benchmark,hf_dataset_rows,Best-effort Hugging Face dataset adapter; keep manual fallback active because the public result dataset schema may drift.
2026-04,gaia,ClarityBot,0.0667,2026-04-20,https://huggingface.co/gaia-benchmark,hf_dataset_rows,Best-effort Hugging Face dataset adapter; keep manual fallback active because the public result dataset schema may drift.
2026-04,gaia,Co-Sight v0.1 | CoreS-Agent original,0.7152,2026-04-20,https://huggingface.co/gaia-benchmark,hf_dataset_rows,Best-effort Hugging Face dataset adapter; keep manual fallback active because the public result dataset schema may drift.
2026-04,gaia,Co-Sight v0.2 | CoreS-Agent original,0.7273,2026-04-20,https://huggingface.co/gaia-benchmark,hf_dataset_rows,Best-effort Hugging Face dataset adapter; keep manual fallback active because the public result dataset schema may drift.
2026-04,gaia,ClarityBotV2,0.1212,2026-04-20,https://huggingface.co/gaia-benchmark,hf_dataset_rows,Best-effort Hugging Face dataset adapter; keep manual fallback active because the public result dataset schema may drift.
2026-04,gaia,Alita v0.1,0.7152,2026-04-20,https://huggingface.co/gaia-benchmark,hf_dataset_rows,Best-effort Hugging Face dataset adapter; keep manual fallback active because the public result dataset schema may drift.
2026-04,gaia,Cohere Model,0.0061,2026-04-20,https://huggingface.co/gaia-benchmark,hf_dataset_rows,Best-effort Hugging Face dataset adapter; keep manual fallback active because the public result dataset schema may drift.
2026-04,gaia,Alita v1.1,0.7879,2026-04-20,https://huggingface.co/gaia-benchmark,hf_dataset_rows,Best-effort Hugging Face dataset adapter; keep manual fallback active because the public result dataset schema may drift.
2026-04,gaia,deserach v0.3,0.697,2026-04-20,https://huggingface.co/gaia-benchmark,hf_dataset_rows,Best-effort Hugging Face dataset adapter; keep manual fallback active because the public result dataset schema may drift.
2026-04,gaia,Skywork Super Agents v1,0.8,2026-04-20,https://huggingface.co/gaia-benchmark,hf_dataset_rows,Best-effort Hugging Face dataset adapter; keep manual fallback active because the public result dataset schema may drift.
2026-04,gaia,deedee,0.0,2026-04-20,https://huggingface.co/gaia-benchmark,hf_dataset_rows,Best-effort Hugging Face dataset adapter; keep manual fallback active because the public result dataset schema may drift.
2026-04,gaia,ADK-GAIA,0.5091,2026-04-20,https://huggingface.co/gaia-benchmark,hf_dataset_rows,Best-effort Hugging Face dataset adapter; keep manual fallback active because the public result dataset schema may drift.
2026-04,gaia,MasterAgent,0.9939,2026-04-20,https://huggingface.co/gaia-benchmark,hf_dataset_rows,Best-effort Hugging Face dataset adapter; keep manual fallback active because the public result dataset schema may drift.
2026-04,gaia,MasterAgent20250510,0.9939,2026-04-20,https://huggingface.co/gaia-benchmark,hf_dataset_rows,Best-effort Hugging Face dataset adapter; keep manual fallback active because the public result dataset schema may drift.
2026-04,gaia,Skywork Super Agents v1.1,0.8242,2026-04-20,https://huggingface.co/gaia-benchmark,hf_dataset_rows,Best-effort Hugging Face dataset adapter; keep manual fallback active because the public result dataset schema may drift.
2026-04,gaia,agent-2030,0.8303,2026-04-20,https://huggingface.co/gaia-benchmark,hf_dataset_rows,Best-effort Hugging Face dataset adapter; keep manual fallback active because the public result dataset schema may drift.
2026-04,gaia,Langfun Agent v2.2,0.7697,2026-04-20,https://huggingface.co/gaia-benchmark,hf_dataset_rows,Best-effort Hugging Face dataset adapter; keep manual fallback active because the public result dataset schema may drift.
2026-04,gaia,AWorld (Click to Run Instantly),0.7758,2026-04-20,https://huggingface.co/gaia-benchmark,hf_dataset_rows,Best-effort Hugging Face dataset adapter; keep manual fallback active because the public result dataset schema may drift.
2026-04,gaia,desearch v0.4,0.7273,2026-04-20,https://huggingface.co/gaia-benchmark,hf_dataset_rows,Best-effort Hugging Face dataset adapter; keep manual fallback active because the public result dataset schema may drift.
2026-04,gaia,fhswfgaia,0.0303,2026-04-20,https://huggingface.co/gaia-benchmark,hf_dataset_rows,Best-effort Hugging Face dataset adapter; keep manual fallback active because the public result dataset schema may drift.
2026-04,gaia,АгентИИ.рф,0.0,2026-04-20,https://huggingface.co/gaia-benchmark,hf_dataset_rows,Best-effort Hugging Face dataset adapter; keep manual fallback active because the public result dataset schema may drift.
2026-04,gaia,TEST,0.0061,2026-04-20,https://huggingface.co/gaia-benchmark,hf_dataset_rows,Best-effort Hugging Face dataset adapter; keep manual fallback active because the public result dataset schema may drift.
2026-04,gaia,Alita v2.0,0.8606,2026-04-20,https://huggingface.co/gaia-benchmark,hf_dataset_rows,Best-effort Hugging Face dataset adapter; keep manual fallback active because the public result dataset schema may drift.
2026-04,gaia,fhswf-smolagents,0.1697,2026-04-20,https://huggingface.co/gaia-benchmark,hf_dataset_rows,Best-effort Hugging Face dataset adapter; keep manual fallback active because the public result dataset schema may drift.
2026-04,gaia,Langfun Agent 2.3,0.7939,2026-04-20,https://huggingface.co/gaia-benchmark,hf_dataset_rows,Best-effort Hugging Face dataset adapter; keep manual fallback active because the public result dataset schema may drift.
2026-04,gaia,OneAgent,0.5515,2026-04-20,https://huggingface.co/gaia-benchmark,hf_dataset_rows,Best-effort Hugging Face dataset adapter; keep manual fallback active because the public result dataset schema may drift.
2026-04,gaia,fhswf-gaia-smolagents,0.1697,2026-04-20,https://huggingface.co/gaia-benchmark,hf_dataset_rows,Best-effort Hugging Face dataset adapter; keep manual fallback active because the public result dataset schema may drift.
2026-04,gaia,Alita v2.1,0.8727,2026-04-20,https://huggingface.co/gaia-benchmark,hf_dataset_rows,Best-effort Hugging Face dataset adapter; keep manual fallback active because the public result dataset schema may drift.
2026-04,gaia,agent-2030-v2.0,0.8727,2026-04-20,https://huggingface.co/gaia-benchmark,hf_dataset_rows,Best-effort Hugging Face dataset adapter; keep manual fallback active because the public result dataset schema may drift.
2026-04,terminal_bench_2,ForgeCode | GPT-5.4,81.8,2026-04-20,https://www.tbench.ai/leaderboard/terminal-bench/2.0,html_table,Best-effort HTML table adapter against the official Terminal-Bench 2.0 leaderboard.
2026-04,terminal_bench_2,TongAgents | Gemini 3.1 Pro,80.2,2026-04-20,https://www.tbench.ai/leaderboard/terminal-bench/2.0,html_table,Best-effort HTML table adapter against the official Terminal-Bench 2.0 leaderboard.
2026-04,terminal_bench_2,ForgeCode | Claude Opus 4.6,79.8,2026-04-20,https://www.tbench.ai/leaderboard/terminal-bench/2.0,html_table,Best-effort HTML table adapter against the official Terminal-Bench 2.0 leaderboard.
2026-04,terminal_bench_2,SageAgent | GPT-5.3-Codex,78.4,2026-04-20,https://www.tbench.ai/leaderboard/terminal-bench/2.0,html_table,Best-effort HTML table adapter against the official Terminal-Bench 2.0 leaderboard.
2026-04,terminal_bench_2,ForgeCode | Gemini 3.1 Pro,78.4,2026-04-20,https://www.tbench.ai/leaderboard/terminal-bench/2.0,html_table,Best-effort HTML table adapter against the official Terminal-Bench 2.0 leaderboard.
2026-04,terminal_bench_2,Droid | GPT-5.3-Codex,77.3,2026-04-20,https://www.tbench.ai/leaderboard/terminal-bench/2.0,html_table,Best-effort HTML table adapter against the official Terminal-Bench 2.0 leaderboard.
2026-04,terminal_bench_2,Capy | Claude Opus 4.6,75.3,2026-04-20,https://www.tbench.ai/leaderboard/terminal-bench/2.0,html_table,Best-effort HTML table adapter against the official Terminal-Bench 2.0 leaderboard.
2026-04,terminal_bench_2,Simple Codex | GPT-5.3-Codex,75.1,2026-04-20,https://www.tbench.ai/leaderboard/terminal-bench/2.0,html_table,Best-effort HTML table adapter against the official Terminal-Bench 2.0 leaderboard.
2026-04,terminal_bench_2,Terminus-KIRA | Gemini 3.1 Pro,74.8,2026-04-20,https://www.tbench.ai/leaderboard/terminal-bench/2.0,html_table,Best-effort HTML table adapter against the official Terminal-Bench 2.0 leaderboard.
2026-04,terminal_bench_2,Terminus-KIRA | Claude Opus 4.6,74.7,2026-04-20,https://www.tbench.ai/leaderboard/terminal-bench/2.0,html_table,Best-effort HTML table adapter against the official Terminal-Bench 2.0 leaderboard.
2026-04,terminal_bench_2,Mux | GPT-5.3-Codex,74.6,2026-04-20,https://www.tbench.ai/leaderboard/terminal-bench/2.0,html_table,Best-effort HTML table adapter against the official Terminal-Bench 2.0 leaderboard.
2026-04,terminal_bench_2,MAYA-V2 | Claude 4.6 Opus,72.1,2026-04-20,https://www.tbench.ai/leaderboard/terminal-bench/2.0,html_table,Best-effort HTML table adapter against the official Terminal-Bench 2.0 leaderboard.
2026-04,terminal_bench_2,TongAgents | Claude Opus 4.6,71.9,2026-04-20,https://www.tbench.ai/leaderboard/terminal-bench/2.0,html_table,Best-effort HTML table adapter against the official Terminal-Bench 2.0 leaderboard.
2026-04,terminal_bench_2,Junie CLI | Multiple,71.0,2026-04-20,https://www.tbench.ai/leaderboard/terminal-bench/2.0,html_table,Best-effort HTML table adapter against the official Terminal-Bench 2.0 leaderboard.
2026-04,terminal_bench_2,CodeBrain-1 | GPT-5.3-Codex,70.3,2026-04-20,https://www.tbench.ai/leaderboard/terminal-bench/2.0,html_table,Best-effort HTML table adapter against the official Terminal-Bench 2.0 leaderboard.
2026-04,terminal_bench_2,Droid | Claude Opus 4.6,69.9,2026-04-20,https://www.tbench.ai/leaderboard/terminal-bench/2.0,html_table,Best-effort HTML table adapter against the official Terminal-Bench 2.0 leaderboard.
2026-04,terminal_bench_2,Ante | Gemini 3 Pro,69.4,2026-04-20,https://www.tbench.ai/leaderboard/terminal-bench/2.0,html_table,Best-effort HTML table adapter against the official Terminal-Bench 2.0 leaderboard.
2026-04,terminal_bench_2,IndusAGI Coding Agent | GPT-5.3-Codex,69.1,2026-04-20,https://www.tbench.ai/leaderboard/terminal-bench/2.0,html_table,Best-effort HTML table adapter against the official Terminal-Bench 2.0 leaderboard.
2026-04,terminal_bench_2,Crux | Claude Opus 4.6,66.9,2026-04-20,https://www.tbench.ai/leaderboard/terminal-bench/2.0,html_table,Best-effort HTML table adapter against the official Terminal-Bench 2.0 leaderboard.
2026-04,terminal_bench_2,Deep Agents | GPT-5.2-Codex,66.5,2026-04-20,https://www.tbench.ai/leaderboard/terminal-bench/2.0,html_table,Best-effort HTML table adapter against the official Terminal-Bench 2.0 leaderboard.
2026-04,terminal_bench_2,Mux | Claude Opus 4.6,66.5,2026-04-20,https://www.tbench.ai/leaderboard/terminal-bench/2.0,html_table,Best-effort HTML table adapter against the official Terminal-Bench 2.0 leaderboard.
2026-04,terminal_bench_2,SageAgent | Gemini 3 Pro,65.2,2026-04-20,https://www.tbench.ai/leaderboard/terminal-bench/2.0,html_table,Best-effort HTML table adapter against the official Terminal-Bench 2.0 leaderboard.
2026-04,terminal_bench_2,Droid | GPT-5.2,64.9,2026-04-20,https://www.tbench.ai/leaderboard/terminal-bench/2.0,html_table,Best-effort HTML table adapter against the official Terminal-Bench 2.0 leaderboard.
2026-04,terminal_bench_2,Terminus 2 | GPT-5.3-Codex,64.7,2026-04-20,https://www.tbench.ai/leaderboard/terminal-bench/2.0,html_table,Best-effort HTML table adapter against the official Terminal-Bench 2.0 leaderboard.
2026-04,terminal_bench_2,Junie CLI | Gemini 3 Flash,64.3,2026-04-20,https://www.tbench.ai/leaderboard/terminal-bench/2.0,html_table,Best-effort HTML table adapter against the official Terminal-Bench 2.0 leaderboard.
2026-04,terminal_bench_2,Droid | Claude Opus 4.5,63.1,2026-04-20,https://www.tbench.ai/leaderboard/terminal-bench/2.0,html_table,Best-effort HTML table adapter against the official Terminal-Bench 2.0 leaderboard.
2026-04,terminal_bench_2,Terminus 2 | Claude Opus 4.6,62.9,2026-04-20,https://www.tbench.ai/leaderboard/terminal-bench/2.0,html_table,Best-effort HTML table adapter against the official Terminal-Bench 2.0 leaderboard.
2026-04,terminal_bench_2,Codex CLI | GPT-5.2,62.9,2026-04-20,https://www.tbench.ai/leaderboard/terminal-bench/2.0,html_table,Best-effort HTML table adapter against the official Terminal-Bench 2.0 leaderboard.
2026-04,terminal_bench_2,CodeBrain-1 | Gemini 3 Pro,62.2,2026-04-20,https://www.tbench.ai/leaderboard/terminal-bench/2.0,html_table,Best-effort HTML table adapter against the official Terminal-Bench 2.0 leaderboard.
2026-04,terminal_bench_2,II-Agent | Gemini 3 Pro,61.8,2026-04-20,https://www.tbench.ai/leaderboard/terminal-bench/2.0,html_table,Best-effort HTML table adapter against the official Terminal-Bench 2.0 leaderboard.
2026-04,terminal_bench_2,Warp | Multiple,61.2,2026-04-20,https://www.tbench.ai/leaderboard/terminal-bench/2.0,html_table,Best-effort HTML table adapter against the official Terminal-Bench 2.0 leaderboard.
2026-04,terminal_bench_2,Droid | Gemini 3 Pro,61.1,2026-04-20,https://www.tbench.ai/leaderboard/terminal-bench/2.0,html_table,Best-effort HTML table adapter against the official Terminal-Bench 2.0 leaderboard.
2026-04,terminal_bench_2,Mux | GPT-5.2,60.7,2026-04-20,https://www.tbench.ai/leaderboard/terminal-bench/2.0,html_table,Best-effort HTML table adapter against the official Terminal-Bench 2.0 leaderboard.
2026-04,terminal_bench_2,Codex CLI | GPT-5.1-Codex-Max,60.4,2026-04-20,https://www.tbench.ai/leaderboard/terminal-bench/2.0,html_table,Best-effort HTML table adapter against the official Terminal-Bench 2.0 leaderboard.
2026-04,terminal_bench_2,Letta Code | Claude Opus 4.5,59.1,2026-04-20,https://www.tbench.ai/leaderboard/terminal-bench/2.0,html_table,Best-effort HTML table adapter against the official Terminal-Bench 2.0 leaderboard.
2026-04,terminal_bench_2,Warp | Multiple,59.1,2026-04-20,https://www.tbench.ai/leaderboard/terminal-bench/2.0,html_table,Best-effort HTML table adapter against the official Terminal-Bench 2.0 leaderboard.
2026-04,terminal_bench_2,Mux | Claude Opus 4.5,58.4,2026-04-20,https://www.tbench.ai/leaderboard/terminal-bench/2.0,html_table,Best-effort HTML table adapter against the official Terminal-Bench 2.0 leaderboard.
2026-04,terminal_bench_2,Abacus AI Desktop | Multiple,58.4,2026-04-20,https://www.tbench.ai/leaderboard/terminal-bench/2.0,html_table,Best-effort HTML table adapter against the official Terminal-Bench 2.0 leaderboard.
2026-04,terminal_bench_2,Claude Code | Claude Opus 4.6,58.0,2026-04-20,https://www.tbench.ai/leaderboard/terminal-bench/2.0,html_table,Best-effort HTML table adapter against the official Terminal-Bench 2.0 leaderboard.
2026-04,terminal_bench_2,Crux | GPT-5.1-Codex,57.8,2026-04-20,https://www.tbench.ai/leaderboard/terminal-bench/2.0,html_table,Best-effort HTML table adapter against the official Terminal-Bench 2.0 leaderboard.
2026-04,terminal_bench_2,Terminus 2 | Claude Opus 4.5,57.8,2026-04-20,https://www.tbench.ai/leaderboard/terminal-bench/2.0,html_table,Best-effort HTML table adapter against the official Terminal-Bench 2.0 leaderboard.
2026-04,terminal_bench_2,grok-cli | Grok 4.20 Reasoning,57.3,2026-04-20,https://www.tbench.ai/leaderboard/terminal-bench/2.0,html_table,Best-effort HTML table adapter against the official Terminal-Bench 2.0 leaderboard.
2026-04,terminal_bench_2,Terminus 2 | Gemini 3 Pro,56.9,2026-04-20,https://www.tbench.ai/leaderboard/terminal-bench/2.0,html_table,Best-effort HTML table adapter against the official Terminal-Bench 2.0 leaderboard.
2026-04,terminal_bench_2,Letta Code | Gemini 3 Pro,56.0,2026-04-20,https://www.tbench.ai/leaderboard/terminal-bench/2.0,html_table,Best-effort HTML table adapter against the official Terminal-Bench 2.0 leaderboard.
2026-04,terminal_bench_2,Goose | Claude Opus 4.5,54.3,2026-04-20,https://www.tbench.ai/leaderboard/terminal-bench/2.0,html_table,Best-effort HTML table adapter against the official Terminal-Bench 2.0 leaderboard.
2026-04,terminal_bench_2,Terminus 2 | GPT-5.2,54.0,2026-04-20,https://www.tbench.ai/leaderboard/terminal-bench/2.0,html_table,Best-effort HTML table adapter against the official Terminal-Bench 2.0 leaderboard.
2026-04,terminal_bench_2,Letta Code | GPT-5.1-Codex,53.5,2026-04-20,https://www.tbench.ai/leaderboard/terminal-bench/2.0,html_table,Best-effort HTML table adapter against the official Terminal-Bench 2.0 leaderboard.
2026-04,terminal_bench_2,Terminus 2 | GLM 5,52.4,2026-04-20,https://www.tbench.ai/leaderboard/terminal-bench/2.0,html_table,Best-effort HTML table adapter against the official Terminal-Bench 2.0 leaderboard.
2026-04,terminal_bench_2,Claude Code | Claude Opus 4.5,52.1,2026-04-20,https://www.tbench.ai/leaderboard/terminal-bench/2.0,html_table,Best-effort HTML table adapter against the official Terminal-Bench 2.0 leaderboard.
2026-04,terminal_bench_2,OpenHands | Claude Opus 4.5,51.9,2026-04-20,https://www.tbench.ai/leaderboard/terminal-bench/2.0,html_table,Best-effort HTML table adapter against the official Terminal-Bench 2.0 leaderboard.
2026-04,terminal_bench_2,OpenCode | Claude Opus 4.5,51.7,2026-04-20,https://www.tbench.ai/leaderboard/terminal-bench/2.0,html_table,Best-effort HTML table adapter against the official Terminal-Bench 2.0 leaderboard.
2026-04,terminal_bench_2,Terminus 2 | Gemini 3 Flash,51.7,2026-04-20,https://www.tbench.ai/leaderboard/terminal-bench/2.0,html_table,Best-effort HTML table adapter against the official Terminal-Bench 2.0 leaderboard.
2026-04,terminal_bench_2,Warp | Multiple,50.1,2026-04-20,https://www.tbench.ai/leaderboard/terminal-bench/2.0,html_table,Best-effort HTML table adapter against the official Terminal-Bench 2.0 leaderboard.
2026-04,terminal_bench_2,Codex CLI | GPT-5,49.6,2026-04-20,https://www.tbench.ai/leaderboard/terminal-bench/2.0,html_table,Best-effort HTML table adapter against the official Terminal-Bench 2.0 leaderboard.
2026-04,terminal_bench_2,Terminus 2 | GPT-5.1,47.6,2026-04-20,https://www.tbench.ai/leaderboard/terminal-bench/2.0,html_table,Best-effort HTML table adapter against the official Terminal-Bench 2.0 leaderboard.
2026-04,terminal_bench_2,Gemini CLI | Gemini 3 Flash,47.4,2026-04-20,https://www.tbench.ai/leaderboard/terminal-bench/2.0,html_table,Best-effort HTML table adapter against the official Terminal-Bench 2.0 leaderboard.
2026-04,terminal_bench_2,CAMEL-AI | Claude Sonnet 4.5,46.5,2026-04-20,https://www.tbench.ai/leaderboard/terminal-bench/2.0,html_table,Best-effort HTML table adapter against the official Terminal-Bench 2.0 leaderboard.
2026-04,terminal_bench_2,Codex CLI | GPT-5-Codex,44.3,2026-04-20,https://www.tbench.ai/leaderboard/terminal-bench/2.0,html_table,Best-effort HTML table adapter against the official Terminal-Bench 2.0 leaderboard.
2026-04,terminal_bench_2,OpenHands | GPT-5,43.8,2026-04-20,https://www.tbench.ai/leaderboard/terminal-bench/2.0,html_table,Best-effort HTML table adapter against the official Terminal-Bench 2.0 leaderboard.
2026-04,terminal_bench_2,Terminus 2 | GPT-5-Codex,43.4,2026-04-20,https://www.tbench.ai/leaderboard/terminal-bench/2.0,html_table,Best-effort HTML table adapter against the official Terminal-Bench 2.0 leaderboard.
2026-04,terminal_bench_2,Terminus 2 | Kimi K2.5,43.2,2026-04-20,https://www.tbench.ai/leaderboard/terminal-bench/2.0,html_table,Best-effort HTML table adapter against the official Terminal-Bench 2.0 leaderboard.
2026-04,terminal_bench_2,Goose | Claude Sonnet 4.5,43.1,2026-04-20,https://www.tbench.ai/leaderboard/terminal-bench/2.0,html_table,Best-effort HTML table adapter against the official Terminal-Bench 2.0 leaderboard.
2026-04,terminal_bench_2,Crux | GPT-5.1-Codex-Mini,43.1,2026-04-20,https://www.tbench.ai/leaderboard/terminal-bench/2.0,html_table,Best-effort HTML table adapter against the official Terminal-Bench 2.0 leaderboard.
2026-04,terminal_bench_2,Terminus 2 | Claude Sonnet 4.5,42.8,2026-04-20,https://www.tbench.ai/leaderboard/terminal-bench/2.0,html_table,Best-effort HTML table adapter against the official Terminal-Bench 2.0 leaderboard.
2026-04,terminal_bench_2,MAYA-V2 | Claude 4.5 Sonnet,42.7,2026-04-20,https://www.tbench.ai/leaderboard/terminal-bench/2.0,html_table,Best-effort HTML table adapter against the official Terminal-Bench 2.0 leaderboard.
2026-04,terminal_bench_2,cchuter | minimax-m2.5,42.7,2026-04-20,https://www.tbench.ai/leaderboard/terminal-bench/2.0,html_table,Best-effort HTML table adapter against the official Terminal-Bench 2.0 leaderboard.
2026-04,terminal_bench_2,OpenHands | Claude Sonnet 4.5,42.6,2026-04-20,https://www.tbench.ai/leaderboard/terminal-bench/2.0,html_table,Best-effort HTML table adapter against the official Terminal-Bench 2.0 leaderboard.
2026-04,terminal_bench_2,Mini-SWE-Agent | Claude Sonnet 4.5,42.5,2026-04-20,https://www.tbench.ai/leaderboard/terminal-bench/2.0,html_table,Best-effort HTML table adapter against the official Terminal-Bench 2.0 leaderboard.
2026-04,terminal_bench_2,Terminus 2 | Minimax m2.5,42.2,2026-04-20,https://www.tbench.ai/leaderboard/terminal-bench/2.0,html_table,Best-effort HTML table adapter against the official Terminal-Bench 2.0 leaderboard.
2026-04,terminal_bench_2,Mini-SWE-Agent | GPT-5-Codex,41.3,2026-04-20,https://www.tbench.ai/leaderboard/terminal-bench/2.0,html_table,Best-effort HTML table adapter against the official Terminal-Bench 2.0 leaderboard.
2026-04,terminal_bench_2,Claude Code | Claude Sonnet 4.5,40.1,2026-04-20,https://www.tbench.ai/leaderboard/terminal-bench/2.0,html_table,Best-effort HTML table adapter against the official Terminal-Bench 2.0 leaderboard.
2026-04,terminal_bench_2,Terminus 2 | DeepSeek-V3.2,39.6,2026-04-20,https://www.tbench.ai/leaderboard/terminal-bench/2.0,html_table,Best-effort HTML table adapter against the official Terminal-Bench 2.0 leaderboard.
2026-04,terminal_bench_2,Terminus 2 | Claude Opus 4.1,38.0,2026-04-20,https://www.tbench.ai/leaderboard/terminal-bench/2.0,html_table,Best-effort HTML table adapter against the official Terminal-Bench 2.0 leaderboard.
2026-04,terminal_bench_2,OpenHands | Claude Opus 4.1,36.9,2026-04-20,https://www.tbench.ai/leaderboard/terminal-bench/2.0,html_table,Best-effort HTML table adapter against the official Terminal-Bench 2.0 leaderboard.
2026-04,terminal_bench_2,Terminus 2 | GPT-5.1-Codex,36.9,2026-04-20,https://www.tbench.ai/leaderboard/terminal-bench/2.0,html_table,Best-effort HTML table adapter against the official Terminal-Bench 2.0 leaderboard.
2026-04,terminal_bench_2,Crux | MiniMax M2.1,36.6,2026-04-20,https://www.tbench.ai/leaderboard/terminal-bench/2.0,html_table,Best-effort HTML table adapter against the official Terminal-Bench 2.0 leaderboard.
2026-04,terminal_bench_2,Terminus 2 | Kimi K2 Thinking,35.7,2026-04-20,https://www.tbench.ai/leaderboard/terminal-bench/2.0,html_table,Best-effort HTML table adapter against the official Terminal-Bench 2.0 leaderboard.
2026-04,terminal_bench_2,Goose | Claude Haiku 4.5,35.5,2026-04-20,https://www.tbench.ai/leaderboard/terminal-bench/2.0,html_table,Best-effort HTML table adapter against the official Terminal-Bench 2.0 leaderboard.
2026-04,terminal_bench_2,Terminus 2 | GPT-5,35.2,2026-04-20,https://www.tbench.ai/leaderboard/terminal-bench/2.0,html_table,Best-effort HTML table adapter against the official Terminal-Bench 2.0 leaderboard.
2026-04,terminal_bench_2,Mini-SWE-Agent | Claude Opus 4.1,35.1,2026-04-20,https://www.tbench.ai/leaderboard/terminal-bench/2.0,html_table,Best-effort HTML table adapter against the official Terminal-Bench 2.0 leaderboard.
2026-04,terminal_bench_2,spoox-m | GPT-5-Mini,34.8,2026-04-20,https://www.tbench.ai/leaderboard/terminal-bench/2.0,html_table,Best-effort HTML table adapter against the official Terminal-Bench 2.0 leaderboard.
2026-04,terminal_bench_2,Claude Code | Claude Opus 4.1,34.8,2026-04-20,https://www.tbench.ai/leaderboard/terminal-bench/2.0,html_table,Best-effort HTML table adapter against the official Terminal-Bench 2.0 leaderboard.
2026-04,terminal_bench_2,Mini-SWE-Agent | GPT-5,33.9,2026-04-20,https://www.tbench.ai/leaderboard/terminal-bench/2.0,html_table,Best-effort HTML table adapter against the official Terminal-Bench 2.0 leaderboard.
2026-04,terminal_bench_2,Terminus 2 | GLM 4.7,33.4,2026-04-20,https://www.tbench.ai/leaderboard/terminal-bench/2.0,html_table,Best-effort HTML table adapter against the official Terminal-Bench 2.0 leaderboard.
2026-04,terminal_bench_2,Crux | GLM 4.7,33.3,2026-04-20,https://www.tbench.ai/leaderboard/terminal-bench/2.0,html_table,Best-effort HTML table adapter against the official Terminal-Bench 2.0 leaderboard.
2026-04,terminal_bench_2,Terminus 2 | Gemini 2.5 Pro,32.6,2026-04-20,https://www.tbench.ai/leaderboard/terminal-bench/2.0,html_table,Best-effort HTML table adapter against the official Terminal-Bench 2.0 leaderboard.
2026-04,terminal_bench_2,Codex CLI | GPT-5-Mini,31.9,2026-04-20,https://www.tbench.ai/leaderboard/terminal-bench/2.0,html_table,Best-effort HTML table adapter against the official Terminal-Bench 2.0 leaderboard.
2026-04,terminal_bench_2,Terminus 2 | MiniMax M2,30.0,2026-04-20,https://www.tbench.ai/leaderboard/terminal-bench/2.0,html_table,Best-effort HTML table adapter against the official Terminal-Bench 2.0 leaderboard.
2026-04,terminal_bench_2,Mini-SWE-Agent | Claude Haiku 4.5,29.8,2026-04-20,https://www.tbench.ai/leaderboard/terminal-bench/2.0,html_table,Best-effort HTML table adapter against the official Terminal-Bench 2.0 leaderboard.
2026-04,terminal_bench_2,Terminus 2 | MiniMax M2.1,29.2,2026-04-20,https://www.tbench.ai/leaderboard/terminal-bench/2.0,html_table,Best-effort HTML table adapter against the official Terminal-Bench 2.0 leaderboard.
2026-04,terminal_bench_2,OpenHands | GPT-5-Mini,29.2,2026-04-20,https://www.tbench.ai/leaderboard/terminal-bench/2.0,html_table,Best-effort HTML table adapter against the official Terminal-Bench 2.0 leaderboard.
2026-04,terminal_bench_2,Terminus 2 | Claude Haiku 4.5,28.3,2026-04-20,https://www.tbench.ai/leaderboard/terminal-bench/2.0,html_table,Best-effort HTML table adapter against the official Terminal-Bench 2.0 leaderboard.
2026-04,terminal_bench_2,Terminus 2 | Kimi K2 Instruct,27.8,2026-04-20,https://www.tbench.ai/leaderboard/terminal-bench/2.0,html_table,Best-effort HTML table adapter against the official Terminal-Bench 2.0 leaderboard.
2026-04,terminal_bench_2,Claude Code | Claude Haiku 4.5,27.5,2026-04-20,https://www.tbench.ai/leaderboard/terminal-bench/2.0,html_table,Best-effort HTML table adapter against the official Terminal-Bench 2.0 leaderboard.
2026-04,terminal_bench_2,Dakou Agent | Qwen 3 Coder 480B,27.2,2026-04-20,https://www.tbench.ai/leaderboard/terminal-bench/2.0,html_table,Best-effort HTML table adapter against the official Terminal-Bench 2.0 leaderboard.
2026-04,terminal_bench_2,OpenHands | Grok 4,27.2,2026-04-20,https://www.tbench.ai/leaderboard/terminal-bench/2.0,html_table,Best-effort HTML table adapter against the official Terminal-Bench 2.0 leaderboard.
2026-04,terminal_bench_2,OpenHands | Kimi K2 Instruct,26.7,2026-04-20,https://www.tbench.ai/leaderboard/terminal-bench/2.0,html_table,Best-effort HTML table adapter against the official Terminal-Bench 2.0 leaderboard.
2026-04,terminal_bench_2,Mini-SWE-Agent | Gemini 2.5 Pro,26.1,2026-04-20,https://www.tbench.ai/leaderboard/terminal-bench/2.0,html_table,Best-effort HTML table adapter against the official Terminal-Bench 2.0 leaderboard.
2026-04,terminal_bench_2,Mini-SWE-Agent | Grok Code Fast 1,25.8,2026-04-20,https://www.tbench.ai/leaderboard/terminal-bench/2.0,html_table,Best-effort HTML table adapter against the official Terminal-Bench 2.0 leaderboard.
2026-04,terminal_bench_2,OpenHands | Qwen 3 Coder 480B,25.4,2026-04-20,https://www.tbench.ai/leaderboard/terminal-bench/2.0,html_table,Best-effort HTML table adapter against the official Terminal-Bench 2.0 leaderboard.
2026-04,terminal_bench_2,Mini-SWE-Agent | Grok 4,25.4,2026-04-20,https://www.tbench.ai/leaderboard/terminal-bench/2.0,html_table,Best-effort HTML table adapter against the official Terminal-Bench 2.0 leaderboard.
2026-04,terminal_bench_2,Terminus 2 | GLM 4.6,24.5,2026-04-20,https://www.tbench.ai/leaderboard/terminal-bench/2.0,html_table,Best-effort HTML table adapter against the official Terminal-Bench 2.0 leaderboard.
2026-04,terminal_bench_2,Terminus 2 | GPT-5-Mini,24.0,2026-04-20,https://www.tbench.ai/leaderboard/terminal-bench/2.0,html_table,Best-effort HTML table adapter against the official Terminal-Bench 2.0 leaderboard.
2026-04,terminal_bench_2,Terminus 2 | Qwen 3 Coder 480B,23.9,2026-04-20,https://www.tbench.ai/leaderboard/terminal-bench/2.0,html_table,Best-effort HTML table adapter against the official Terminal-Bench 2.0 leaderboard.
2026-04,terminal_bench_2,Terminus 2 | Grok 4,23.1,2026-04-20,https://www.tbench.ai/leaderboard/terminal-bench/2.0,html_table,Best-effort HTML table adapter against the official Terminal-Bench 2.0 leaderboard.
2026-04,terminal_bench_2,Mini-SWE-Agent | GPT-5-Mini,22.2,2026-04-20,https://www.tbench.ai/leaderboard/terminal-bench/2.0,html_table,Best-effort HTML table adapter against the official Terminal-Bench 2.0 leaderboard.
2026-04,terminal_bench_2,Gemini CLI | Gemini 2.5 Pro,19.6,2026-04-20,https://www.tbench.ai/leaderboard/terminal-bench/2.0,html_table,Best-effort HTML table adapter against the official Terminal-Bench 2.0 leaderboard.
2026-04,terminal_bench_2,Terminus 2 | GPT-OSS-120B,18.7,2026-04-20,https://www.tbench.ai/leaderboard/terminal-bench/2.0,html_table,Best-effort HTML table adapter against the official Terminal-Bench 2.0 leaderboard.
2026-04,terminal_bench_2,Mini-SWE-Agent | Gemini 2.5 Flash,17.1,2026-04-20,https://www.tbench.ai/leaderboard/terminal-bench/2.0,html_table,Best-effort HTML table adapter against the official Terminal-Bench 2.0 leaderboard.
2026-04,terminal_bench_2,Terminus 2 | AfterQuery-GPT-OSS-20B,17.0,2026-04-20,https://www.tbench.ai/leaderboard/terminal-bench/2.0,html_table,Best-effort HTML table adapter against the official Terminal-Bench 2.0 leaderboard.
2026-04,terminal_bench_2,Terminus 2 | Gemini 2.5 Flash,16.9,2026-04-20,https://www.tbench.ai/leaderboard/terminal-bench/2.0,html_table,Best-effort HTML table adapter against the official Terminal-Bench 2.0 leaderboard.
2026-04,terminal_bench_2,OpenHands | Gemini 2.5 Flash,16.4,2026-04-20,https://www.tbench.ai/leaderboard/terminal-bench/2.0,html_table,Best-effort HTML table adapter against the official Terminal-Bench 2.0 leaderboard.
2026-04,terminal_bench_2,OpenHands | Gemini 2.5 Pro,16.4,2026-04-20,https://www.tbench.ai/leaderboard/terminal-bench/2.0,html_table,Best-effort HTML table adapter against the official Terminal-Bench 2.0 leaderboard.
2026-04,terminal_bench_2,Gemini CLI | Gemini 2.5 Flash,15.4,2026-04-20,https://www.tbench.ai/leaderboard/terminal-bench/2.0,html_table,Best-effort HTML table adapter against the official Terminal-Bench 2.0 leaderboard.
2026-04,terminal_bench_2,Terminus 2 | Grok Code Fast 1,14.2,2026-04-20,https://www.tbench.ai/leaderboard/terminal-bench/2.0,html_table,Best-effort HTML table adapter against the official Terminal-Bench 2.0 leaderboard.
2026-04,terminal_bench_2,Mini-SWE-Agent | GPT-OSS-120B,14.2,2026-04-20,https://www.tbench.ai/leaderboard/terminal-bench/2.0,html_table,Best-effort HTML table adapter against the official Terminal-Bench 2.0 leaderboard.
2026-04,terminal_bench_2,OpenHands | Claude Haiku 4.5,13.9,2026-04-20,https://www.tbench.ai/leaderboard/terminal-bench/2.0,html_table,Best-effort HTML table adapter against the official Terminal-Bench 2.0 leaderboard.
2026-04,terminal_bench_2,Codex CLI | GPT-5-Nano,11.5,2026-04-20,https://www.tbench.ai/leaderboard/terminal-bench/2.0,html_table,Best-effort HTML table adapter against the official Terminal-Bench 2.0 leaderboard.
2026-04,terminal_bench_2,OpenHands | GPT-5-Nano,9.9,2026-04-20,https://www.tbench.ai/leaderboard/terminal-bench/2.0,html_table,Best-effort HTML table adapter against the official Terminal-Bench 2.0 leaderboard.
2026-04,terminal_bench_2,Terminus 2 | GPT-5-Nano,7.9,2026-04-20,https://www.tbench.ai/leaderboard/terminal-bench/2.0,html_table,Best-effort HTML table adapter against the official Terminal-Bench 2.0 leaderboard.
2026-04,terminal_bench_2,Mini-SWE-Agent | GPT-5-Nano,7.0,2026-04-20,https://www.tbench.ai/leaderboard/terminal-bench/2.0,html_table,Best-effort HTML table adapter against the official Terminal-Bench 2.0 leaderboard.
2026-04,terminal_bench_2,Mini-SWE-Agent | GPT-OSS-20B,3.4,2026-04-20,https://www.tbench.ai/leaderboard/terminal-bench/2.0,html_table,Best-effort HTML table adapter against the official Terminal-Bench 2.0 leaderboard.
2026-04,terminal_bench_2,Terminus 2 | GPT-OSS-20B,3.1,2026-04-20,https://www.tbench.ai/leaderboard/terminal-bench/2.0,html_table,Best-effort HTML table adapter against the official Terminal-Bench 2.0 leaderboard.
